{"cameraMode":{"drawMode":0,"name":"Shaded","section":"Shading Mode"},"sceneLighting":true,"audioPlay":false,"sceneViewState":{"m_AlwaysRefresh":false,"showFog":true,"showSkybox":true,"showFlares":true,"showImageEffects":true,"showParticleSystems":true,"showVisualEffectGraphs":true,"m_FxEnabled":true},"in2DMode":false,"pivot":{"x":-7.676274299621582,"y":0.7407790422439575,"z":-6.709759712219238},"rotation":{"x":0.07823272049427033,"y":-0.011345582082867623,"z":0.0007991165039129555,"w":0.9969532489776611},"size":4.70256233215332,"orthographic":false}