{"cameraMode":{"drawMode":0,"name":"Shaded","section":"Shading Mode"},"sceneLighting":false,"audioPlay":false,"sceneViewState":{"m_AlwaysRefresh":false,"showFog":true,"showSkybox":false,"showFlares":true,"showImageEffects":true,"showParticleSystems":true,"showVisualEffectGraphs":true,"m_FxEnabled":true},"in2DMode":false,"pivot":{"x":-0.10499999672174454,"y":-0.02800001949071884,"z":-0.1459999978542328},"rotation":{"x":0.07823272049427033,"y":-0.011345582082867623,"z":0.0007991165039129555,"w":0.9969532489776611},"size":0.13831371068954469,"orthographic":false}